policy_id,product_type,issue_date,issue_age,gender,premium,monthly_payment
SPIA-0001,SPIA,2022-03-01,67,M,250000,1650
SPIA-0002,SPIA,2021-08-01,81,F,191000,1325
SPIA-0003,SPIA,2021-10-01,64,M,212000,1475
SPIA-0004,SPIA,2022-02-01,66,F,76000,525
SPIA-0005,SPIA,2023-09-01,76,M,302000,2100
SPIA-0006,SPIA,2022-06-01,61,F,310000,2150
SPIA-0007,SPIA,2025-03-01,73,M,97000,675
SPIA-0008,SPIA,2022-03-01,58,F,317000,2200
SPIA-0009,SPIA,2024-03-01,69,M,169000,1175
SPIA-0010,SPIA,2023-06-01,76,F,79000,550
SPIA-0011,SPIA,2023-04-01,59,M,162000,1125
SPIA-0012,SPIA,2021-11-01,66,F,238000,1650
SPIA-0013,SPIA,2023-04-01,80,M,418000,2900
SPIA-0014,SPIA,2025-10-01,67,F,94000,650
SPIA-0015,SPIA,2024-01-01,74,M,112000,775
SPIA-0016,SPIA,2022-04-01,65,F,281000,1950
SPIA-0017,SPIA,2021-01-01,61,M,281000,1950
SPIA-0018,SPIA,2026-09-01,62,F,421000,2925
SPIA-0019,SPIA,2024-06-01,69,M,79000,550
SPIA-0020,SPIA,2026-03-01,66,F,331000,2300
SPIA-0021,SPIA,2023-10-01,63,M,194000,1350
SPIA-0022,SPIA,2026-09-01,60,F,194000,1350
SPIA-0023,SPIA,2024-12-01,76,M,425000,2950
SPIA-0024,SPIA,2022-12-01,72,F,407000,2825
SPIA-0025,SPIA,2026-01-01,58,M,158000,1100
