age,gender,qx
40,F,0.000949
40,M,0.001424
41,F,0.001044
41,M,0.001566
42,F,0.001149
42,M,0.001722
43,F,0.001263
43,M,0.001894
44,F,0.001390
44,M,0.002084
45,F,0.001528
45,M,0.002292
46,F,0.001681
46,M,0.002521
47,F,0.001849
47,M,0.002772
48,F,0.002034
48,M,0.003049
49,F,0.002237
49,M,0.003353
50,F,0.002460
50,M,0.003688
51,F,0.002706
51,M,0.004056
52,F,0.002976
52,M,0.004461
53,F,0.003273
53,M,0.004906
54,F,0.003600
54,M,0.005395
55,F,0.003959
55,M,0.005933
56,F,0.004354
56,M,0.006525
57,F,0.004789
57,M,0.007175
58,F,0.005266
58,M,0.007889
59,F,0.005792
59,M,0.008675
60,F,0.006369
60,M,0.009538
61,F,0.007004
61,M,0.010487
62,F,0.007701
62,M,0.011530
63,F,0.008468
63,M,0.012675
64,F,0.009311
64,M,0.013934
65,F,0.010237
65,M,0.015316
66,F,0.011255
66,M,0.016835
67,F,0.012374
67,M,0.018503
68,F,0.013603
68,M,0.020334
69,F,0.014953
69,M,0.022345
70,F,0.016436
70,M,0.024552
71,F,0.018064
71,M,0.026974
72,F,0.019853
72,M,0.029631
73,F,0.021816
73,M,0.032545
74,F,0.023971
74,M,0.035741
75,F,0.026337
75,M,0.039244
76,F,0.028932
76,M,0.043082
77,F,0.031779
77,M,0.047287
78,F,0.034900
78,M,0.051891
79,F,0.038323
79,M,0.056930
80,F,0.042073
80,M,0.062441
81,F,0.046182
81,M,0.068467
82,F,0.050681
82,M,0.075050
83,F,0.055606
83,M,0.082238
84,F,0.060993
84,M,0.090080
85,F,0.066884
85,M,0.098630
86,F,0.073321
86,M,0.107941
87,F,0.080351
87,M,0.118072
88,F,0.088022
88,M,0.129084
89,F,0.096387
89,M,0.141038
90,F,0.105499
90,M,0.153998
91,F,0.115416
91,M,0.168028
92,F,0.126198
92,M,0.183193
93,F,0.137907
93,M,0.199555
94,F,0.150605
94,M,0.217176
95,F,0.164357
95,M,0.236110
96,F,0.179228
96,M,0.256409
97,F,0.195280
97,M,0.278116
98,F,0.212575
98,M,0.301263
99,F,0.231170
99,M,0.325867
100,F,0.251118
100,M,0.351933
101,F,0.272464
101,M,0.379443
102,F,0.295242
102,M,0.408356
103,F,0.319475
103,M,0.438608
104,F,0.345170
104,M,0.470101
105,F,0.372315
105,M,0.502707
106,F,0.400878
106,M,0.536261
107,F,0.430797
107,M,0.570562
108,F,0.461986
108,M,0.605369
109,F,0.494323
109,M,0.640408
110,F,0.527654
110,M,0.675368
111,F,0.561786
111,M,0.709912
112,F,0.596489
112,M,0.743680
113,F,0.631497
113,M,0.776302
114,F,0.666508
114,M,0.807413
115,F,0.701191
115,M,0.836661
116,F,0.735191
116,M,0.863730
117,F,0.768140
117,M,0.888355
118,F,0.799669
118,M,0.910335
119,F,0.829422
119,M,0.929549
120,F,1.000000
120,M,1.000000
121,F,1.000000
121,M,1.000000
122,F,1.000000
122,M,1.000000
123,F,1.000000
123,M,1.000000
124,F,1.000000
124,M,1.000000
125,F,1.000000
125,M,1.000000
126,F,1.000000
126,M,1.000000
127,F,1.000000
127,M,1.000000
128,F,1.000000
128,M,1.000000
129,F,1.000000
129,M,1.000000
130,F,1.000000
130,M,1.000000
131,F,1.000000
131,M,1.000000
132,F,1.000000
132,M,1.000000
133,F,1.000000
133,M,1.000000
134,F,1.000000
134,M,1.000000
135,F,1.000000
135,M,1.000000
136,F,1.000000
136,M,1.000000
137,F,1.000000
137,M,1.000000
138,F,1.000000
138,M,1.000000
139,F,1.000000
139,M,1.000000
140,F,1.000000
140,M,1.000000
141,F,1.000000
141,M,1.000000
142,F,1.000000
142,M,1.000000
143,F,1.000000
143,M,1.000000
144,F,1.000000
144,M,1.000000
145,F,1.000000
145,M,1.000000
146,F,1.000000
146,M,1.000000
147,F,1.000000
147,M,1.000000
148,F,1.000000
148,M,1.000000
149,F,1.000000
149,M,1.000000
150,F,1.000000
150,M,1.000000
